<?xml version="1.0" encoding="UTF-8"?>
<cv><pessoa id="1"><dadosPessoais><nome>Filipe Herculano Rocha</nome><sexo>Masculino</sexo><idade>21</idade></dadosPessoais><formação><instituição nome="UECE" país="Brasil"><curso anoIni="2014" anoFim="2018" nível="graduação">Ciência da computação</curso></instituição><instituição nome="Não fez" país="Não fez"><curso anoIni="Não fez" anoFim="Não fez" nível="mestrado">Não fez</curso><curso anoIni="Não fez" anoFim="Não fez" nível="doutorado">Não fez</curso></instituição><instituição nome="STANFORD" país="Califórnia"><curso anoIni="2008" anoFim="2012" nível="mestrado">Engenharia de software</curso></instituição></formação></pessoa><pessoa id="2"><dadosPessoais><nome>Camila maria herculano rocha</nome><sexo>Feminino</sexo><idade>29</idade></dadosPessoais><formação><instituição nome="UECE" país="Brasil"><curso anoIni="2003" anoFim="2007" nível="graduação">Ciência da computação</curso></instituição><instituição nome="Não fez" país="Não fez"><curso anoIni="Não fez" anoFim="Não fez" nível="mestrado">Não fez</curso><curso anoIni="Não fez" anoFim="Não fez" nível="doutorado">Não fez</curso></instituição></formação></pessoa><pessoa id="3"><dadosPessoais><nome>Aline maria herculano rocha</nome><sexo>Feminino</sexo><idade>24</idade></dadosPessoais><formação><instituição nome="IFCE" país="Brasil"><curso anoIni="2010" anoFim="2014" nível="graduação">Processos químicos</curso></instituição><instituição nome="Não fez" país="Não fez"><curso anoIni="Não fez" anoFim="Não fez" nível="mestrado">Não fez</curso><curso anoIni="Não fez" anoFim="Não fez" nível="doutorado">Não fez</curso></instituição></formação></pessoa></cv>
